Strategy,Customers_Affected,Revenue_Gain,Shipping_Cost,Net_Profit,ROI_%,Recommendation
Universal (All),11902,198769.46509516815,200854.08000000002,-2084.6149048318475,-1.037875309693409,REJECT
Targeted (Small Only),5329,175505.15547122748,34087.61,141417.5454712275,414.86494791282666,IMPLEMENT
